series,code,mat_time,StopTime,ncycles,E_A,P_A,P_C,P_ECS,P_PAS,P_PNS,P_SAS,P_SPI,P_V,P_VEN,Q_A,Q_BBB,Q_ECS,Q_GS,Q_OLS,Q_PAS,Q_PNS,Q_SAS,Q_SASE,Q_SLS,Q_SPI,Q_SSS,Q_VEN,Q_out,R_IEG,V_ECS,V_PAS,V_SAS,V_SPI,V_VEN,V_Vessel,dV_Vessel,grad_ECS_SPI,grad_VEN_SAS,pct_Q_OLS,pct_Q_SLS,pct_Q_SSS,sw_P_A,sw_P_ECS,sw_P_SAS,sw_P_VEN,sw_Q_A,sw_Q_SPI,sw_V_ECS,sw_V_SAS,sw_V_SPI,sw_V_VEN,sw_V_Vessel
A3_series,HA_C,2026-09-19 15:23:36,15000,18750,30.8459,115.386,35.0385,21.0031,20.9907,20.8686,21.1304,21.1292,18.9744,22.3804,882.937,-0.00753616,0.111211,0.11868,0.0642103,0.122567,0.114999,0.181787,0.0561578,0.121292,0.118212,0.106947,0.299999,0.29245,0.8835,201.273,20.9702,35.0127,85.3097,24.8924,139.28,-0.719593,-0.126121,1.25,21.956,41.4746,36.5693,54.0485,4.58175,1.98139,4.58269,1056.26,169.096,0.00232013,0.317749,0.320159,0.00151083,1.03362
A3_series,H_C,2026-09-19 15:23:37,9000,11250,60.4579,115.386,35.037,20.9371,20.97,20.8121,21.1029,21.1017,18.9738,22.3529,723.732,-0.00843794,0.103277,0.111696,0.0640367,0.116636,0.108174,0.18197,0.0623585,0.121017,0.11803,0.106495,0.299999,0.29155,0.855,201.536,21.4791,35.0166,83.1797,24.9053,137.491,-2.50917,-0.164671,1.25,21.9642,41.5083,36.5273,54.0485,4.13274,1.93309,4.13324,618.788,152.295,0.00104514,0.254296,0.255944,0.00118805,0.641337
A3_series,H_G2_C_OVS2.5_Ven_E0.25,2026-09-19 15:23:38,10000,12500,60.4579,115.386,35.0355,15.3087,15.3318,15.1368,15.4501,15.4489,18.9731,16.7001,723.745,0.0443143,0.142073,0.0977101,0.0931477,0.103828,0.148122,0.173879,0.0672099,0.128978,0.12612,0.122184,0.299999,0.34431,0.862125,199.116,21.4453,35.0141,81.7782,26.2886,137.93,-2.06981,-0.140218,1.25,27.0534,37.4598,35.4866,54.0485,3.43999,1.5169,3.44011,612.344,133.439,0.0010421,0.228257,0.229515,0.00107025,0.668487
A3_series,H_G2_Ven_R7.5,2026-09-19 15:23:38,6500,8125,60.4579,115.386,35.0343,10.829,10.8599,10.5948,10.9914,10.9905,18.9726,20.321,723.756,0.0863005,0.193489,0.107153,0.162992,0.115415,0.201709,0.202975,0.0850621,0.0995234,0.0970112,0.123779,0.299986,0.386296,0.855,196.777,21.4227,35.0162,80.2478,27.5973,138.281,-1.71931,-0.161512,9.32956,42.1935,25.7635,32.0426,54.0485,2.76889,1.16435,2.76896,607.773,111,0.0010518,0.19593,0.196988,0.000123682,0.698143
C_series,C_O2.5,2026-09-19 15:23:39,3000,3750,28.4321,95.3464,29.9212,11.216,11.2226,11.0481,11.3546,11.3534,16.8422,12.6046,718.958,0.0289467,0.13877,0.110341,0.067987,0.115797,0.144181,0.182794,0.0657218,0.117671,0.117204,0.141915,0.299999,0.327554,0.862125,198.452,21.0059,35.0139,80.6569,24.8962,139.951,-0.0490167,-0.137366,1.24999,20.756,35.9241,43.3258,31.8826,2.15408,0.828819,2.15481,650.79,79.3689,0.0018436,0.165354,0.166766,0.000793329,0.800246
C_series,C_O5,2026-09-19 15:23:40,3000,3750,28.4321,95.3464,29.9213,11.5508,11.5506,11.3969,11.6719,11.6705,16.8422,12.9219,718.957,0.026332,0.127193,0.101566,0.0350666,0.106399,0.13196,0.166668,0.0589734,0.133527,0.133332,0.155866,0.3,0.324434,0.862125,198.61,21.0079,35.0121,80.8633,24.8904,139.898,-0.101885,-0.119742,1.25,10.8086,41.1569,48.0426,31.8826,2.19762,0.846505,2.19835,651.185,80.7512,0.00182819,0.168155,0.169595,0.000806627,0.796794
C_series,C_OS2.5,2026-09-19 15:23:40,4000,5000,28.4321,95.3464,29.9214,12.1642,12.1936,11.9691,12.3617,12.361,16.8422,13.6116,718.956,0.0215403,0.161256,0.14045,0.0736543,0.147451,0.168219,0.232974,0.0841887,0.0672207,0.0670126,0.178753,0.299986,0.319609,0.847875,198.828,21.0234,35.0197,81.2939,24.9158,139.806,-0.194312,-0.196797,1.24994,23.0451,21.0322,55.9287,31.8826,2.27712,0.87949,2.27785,651.935,83.1681,0.00188243,0.173091,0.174532,0.000829741,0.79119
C_series,C_OS5,2026-09-19 15:23:41,12000,15000,28.4321,95.3464,29.9216,13.3529,13.3931,13.1506,13.5784,13.5779,16.8423,14.8284,718.953,0.0122554,0.167216,0.154955,0.0404624,0.16249,0.174739,0.255608,0.0917345,0.0457793,0.0443921,0.226011,0.3,0.312254,0.847875,199.297,21.0404,35.0225,81.9973,24.9252,139.622,-0.378254,-0.225014,1.25,12.9582,14.6609,72.3807,31.8826,2.42192,0.94019,2.42265,653.41,87.5048,0.00189112,0.18204,0.183401,0.000871402,0.780399
C_series,C_OV2.5,2026-09-19 15:23:42,9000,11250,28.4321,95.3464,29.9214,12.3213,12.3061,12.1972,12.4037,12.402,16.8423,13.6537,718.956,0.0203133,0.102556,0.0821717,0.0750587,0.0856257,0.105932,0.13123,0.0442791,0.170099,0.16877,0.0751525,0.3,0.320311,0.876375,198.961,21.0127,35.0082,81.3187,24.8775,139.777,-0.223418,-0.0806695,1.25,23.4331,53.1044,23.4624,31.8826,2.29134,0.885008,2.29207,652.08,83.6585,0.00181653,0.174101,0.175535,0.00083448,0.788133
C_series,C_OV5,2026-09-19 15:23:44,12000,15000,28.4321,95.3464,29.9216,13.4468,13.4089,13.3684,13.471,13.4688,16.8423,14.721,718.953,0.0115217,0.0648102,0.0532909,0.0411332,0.0545485,0.0660644,0.0779402,0.0220153,0.223441,0.22206,0.0469464,0.3,0.311521,0.8835,199.452,21.0195,35.0024,81.9369,24.8581,139.599,-0.401089,-0.0219813,1.25,13.204,71.7259,15.0701,31.8826,2.42522,0.940825,2.42595,653.474,87.7034,0.00177115,0.182454,0.183827,0.00087327,0.777321
C_series,C_OVS2.5,2026-09-19 15:23:45,9000,11250,28.4321,95.3464,29.9218,14.3444,14.3576,14.1944,14.4996,14.4985,16.8424,15.7496,718.952,0.004511,0.123951,0.119446,0.0873488,0.124544,0.129013,0.191406,0.0654427,0.10997,0.108593,0.107107,0.3,0.304425,0.855,199.722,21.0444,35.0155,82.4888,24.9017,139.464,-0.535572,-0.154107,1.25,28.693,36.1238,35.1833,31.8826,2.532,0.987133,2.53273,654.658,90.7136,0.00185902,0.18868,0.190116,0.000902096,0.77061
C_series,C_OVS5,2026-09-19 15:23:46,12000,15000,28.4321,95.3464,29.9227,19.5914,19.6104,19.4805,19.7611,19.76,16.8428,21.0111,718.941,-0.0364736,0.0915933,0.128119,0.0599396,0.132167,0.0956227,0.193911,0.0601597,0.1076,0.106089,0.0958429,0.299999,0.263382,0.855,201.52,21.1076,35.017,84.8082,24.9066,138.648,-1.35229,-0.168689,1.25,22.7576,40.8533,36.3893,31.8826,3.06097,1.228,3.06164,662.065,105.139,0.00185212,0.217486,0.219041,0.00103698,0.731992
C_series,C_S2.5,2026-09-19 15:23:47,4000,5000,28.4321,95.3464,29.9212,10.8648,10.9042,10.6408,11.0887,11.0883,16.8421,12.3387,718.958,0.0316901,0.185108,0.153654,0.1637,0.161828,0.193277,0.259127,0.0960429,0.0417658,0.0408679,0.12562,0.299995,0.33108,0.847875,198.245,21.011,35.0224,80.4799,24.9246,140.009,0.00921307,-0.223473,1.24998,49.4442,12.615,37.9425,31.8826,2.10858,0.810678,2.1093,650.391,77.8945,0.00190956,0.162309,0.163691,0.000778846,0.804296
C_series,C_S5,2026-09-19 15:23:48,4500,5625,28.4321,95.3464,29.9212,11.1527,11.2001,10.9187,11.3972,11.397,16.8422,12.6472,718.958,0.0294412,0.193378,0.164198,0.167975,0.172963,0.202103,0.276845,0.102608,0.02397,0.023147,0.136736,0.299992,0.328675,0.84075,198.362,21.0166,35.0244,80.6856,24.9315,139.965,-0.0347884,-0.244265,1.24997,51.1069,7.29292,41.6022,31.8826,2.14735,0.826472,2.14808,650.731,79.0906,0.00192275,0.164784,0.166188,0.000790583,0.801447
C_series,C_V2.5,2026-09-19 15:23:48,3500,4375,28.4321,95.3464,29.9212,11.0295,11.0398,10.8537,11.1779,11.1768,16.8422,12.4279,718.958,0.0304035,0.145329,0.115268,0.166976,0.121088,0.151103,0.191874,0.0695271,0.10884,0.108128,0.0536548,0.300002,0.32946,0.855,198.363,21.0047,35.0148,80.5395,24.8995,139.98,-0.019552,-0.147266,1.25001,50.6817,33.0359,16.2857,31.8826,2.12665,0.817792,2.12738,650.541,78.4825,0.00188193,0.163534,0.164936,0.000784675,0.801128
C_series,C_V5,2026-09-19 15:23:49,3500,4375,28.4321,95.3464,29.9212,11.3579,11.3615,11.1959,11.489,11.4877,16.8422,12.739,718.957,0.027839,0.133822,0.106624,0.172241,0.111809,0.138958,0.175934,0.0628484,0.124387,0.124072,0.0295655,0.300006,0.326176,0.862125,198.519,21.0067,35.0131,80.745,24.8937,139.929,-0.071418,-0.129883,1.25002,52.8063,38.1349,9.06428,31.8826,2.16885,0.834902,2.16957,650.917,79.819,0.00187714,0.16625,0.167682,0.000797585,0.797349
C_series,C_VS2.5,2026-09-19 15:23:50,5000,6250,28.4321,95.3464,29.9214,12.1188,12.1487,11.9223,12.3175,12.3168,16.8422,13.5675,718.956,0.0218949,0.162405,0.141054,0.183416,0.148102,0.169425,0.234168,0.0847429,0.0663368,0.0658263,0.0707525,0.299994,0.320494,0.847875,198.808,21.023,35.0199,81.2671,24.9162,139.813,-0.187176,-0.198002,1.24998,57.2291,20.6983,22.0761,31.8826,2.26842,0.875992,2.26915,651.851,82.8823,0.00191141,0.172496,0.173943,0.000826959,0.790612
C_series,C_VS5,2026-09-19 15:23:51,7000,8750,28.4321,95.3464,29.9217,13.7786,13.8171,13.5835,13.9995,13.999,16.8424,15.2495,718.953,0.00893072,0.161185,0.152778,0.208973,0.160047,0.168429,0.250658,0.0892095,0.0499904,0.0493356,0.0486658,0.299993,0.307622,0.847875,199.467,21.0449,35.0221,82.2261,24.9237,139.555,-0.44478,-0.220489,1.24997,67.9317,16.2506,15.82,31.8826,2.46789,0.959929,2.46862,653.925,88.8208,0.00192513,0.184757,0.186156,0.000883877,0.775346
Cref_series,C_Ref,2026-09-19 15:23:51,3000,3750,28.4321,95.3464,29.9212,10.8882,10.9454,10.6357,11.1588,11.1588,16.8422,12.4087,718.958,0.0315077,0.208642,0.177468,1.06353e-08,0.187144,0.218248,0.300587,0.112168,2.15879e-09,-0.000611283,0.330416,0.299976,0.330402,0.84075,198.228,21.0162,35.0271,80.5274,24.9402,140.007,0.00749057,-0.270618,1.2499,3.21891e-06,6.53383e-07,100.004,31.8826,2.1197,0.815174,2.12043,650.508,78.2611,0.00186923,0.163078,0.164445,0.000782456,0.807057
H_series,B,2026-09-19 15:30:07,3000,3750,28.4321,95.3464,29.9211,10.324,10.3483,10.1187,10.5089,10.5082,16.8421,11.7589,718.96,0.0359149,0.169607,0.133725,0.155668,0.14086,0.176728,0.225755,0.0836765,0.0754083,0.0742445,0.104737,0.3,0.335812,0.855,198.017,21.0004,35.0185,80.0773,24.9117,140.092,0.0918745,-0.184214,1.25,46.3557,22.4555,31.1891,31.8826,2.03407,0.780549,2.03479,649.763,75.5738,0.00188422,0.157486,0.158869,0.000755949,0.809777
H_series,H_G1,2026-09-19 15:23:52,3000,3750,44.5486,104.507,32.2584,10.5306,10.5723,10.3161,10.7178,10.717,17.816,11.9678,715.258,0.057817,0.177248,0.119609,0.158705,0.127628,0.185194,0.215195,0.0861435,0.085849,0.0848012,0.112633,0.299996,0.357176,0.89775,199.026,21.2983,35.0187,80.1797,24.9124,138.818,-1.18214,-0.186361,1.24999,44.4333,24.0355,31.5343,38.0144,2.07189,0.899028,2.07224,494.322,94.6189,0.0013115,0.154267,0.155752,0.000694745,0.66697
H_series,H_G2,2026-09-19 15:23:53,3000,3750,60.4579,115.386,35.0343,10.8276,10.8585,10.5935,10.9901,10.9891,18.9726,12.24,723.756,0.0863135,0.193431,0.107154,0.162972,0.115416,0.201649,0.202967,0.0850487,0.0994541,0.0970313,0.123726,0.299998,0.38615,0.855,199.469,21.4227,35.0162,80.2472,24.9042,138.281,-1.71921,-0.161519,1.24999,42.2043,25.7553,32.041,54.0485,2.76946,1.16485,2.76999,607.765,110.843,0.00105093,0.195752,0.196901,0.000923067,0.698074
H_series,H_G2A,2026-09-19 15:23:54,3000,3750,30.8459,115.386,35.0366,10.7161,10.7079,10.4817,10.8536,10.8527,18.9736,12.1036,882.957,0.0728168,0.193711,0.120782,0.161251,0.127811,0.200728,0.210011,0.0797761,0.0926359,0.0899896,0.119253,0.3,0.373147,0.8835,197.534,20.8601,35.0138,80.3188,24.8958,140.855,0.855128,-0.136647,1.25,43.2139,24.8256,31.9588,54.0485,2.977,1.21943,2.97777,1029.69,117.014,0.00233988,0.227638,0.229818,0.0010921,1.14702
H_series,H_HM,2026-09-19 15:23:54,3000,3750,35.6676,98.245,30.6605,10.3866,10.4233,10.1798,10.5777,10.5769,17.1502,11.8277,700.648,0.0432623,0.170906,0.127889,0.156608,0.135454,0.178458,0.221943,0.0853297,0.078846,0.0780546,0.10718,0.299997,0.342624,0.86925,198.615,21.179,35.0191,80.111,24.9137,139.32,-0.680102,-0.190317,1.24999,45.7084,23.0124,31.2821,34.3738,1.8747,0.78975,1.87493,690.873,77.7075,0.00150879,0.1458,0.147428,0.000690529,0.676479
S_series,S_HR_60,2026-09-19 15:23:55,3000,3750,28.4334,95.3585,29.9241,10.3239,10.349,10.1188,10.5094,10.5086,16.8434,11.7594,719.058,0.0359396,0.169499,0.133583,0.155669,0.140739,0.176638,0.22539,0.0837695,0.0754324,0.07461,0.104739,0.3,0.335839,0.855,198.016,21.0005,35.0186,80.0776,24.9118,140.093,0.0925503,-0.184776,1.25,46.3522,22.4609,31.1872,30.9847,2.13603,0.692623,2.13667,495.638,66.7851,0.00210631,0.168474,0.169677,0.00100952,0.858622
S_series,S_HR_90,2026-09-19 15:23:56,3000,3750,28.434,95.3653,29.9237,10.3245,10.3489,10.1192,10.5093,10.5083,16.8431,11.7593,719.076,0.0359315,0.169648,0.133975,0.155675,0.140705,0.176772,0.205462,0.0836576,0.0754166,0.0945407,0.104755,0.300003,0.335834,0.850529,198.018,21.0003,35.0185,80.0775,24.9116,140.092,0.092486,-0.183873,1.25001,46.3548,22.4565,31.1925,31.8259,1.8993,0.831351,1.89995,744.37,80.3978,0.00164385,0.142629,0.143806,0.000577074,0.74912
S_series,S_PSPI0_10.5,2026-09-19 15:23:56,3000,3750,28.4321,95.3464,29.9211,10.3247,10.3491,10.1194,10.5097,10.5089,16.8421,11.7597,718.96,0.035909,0.169636,0.133728,0.155679,0.140863,0.176759,0.225767,0.0836855,0.0754465,0.0742324,0.104766,0.3,0.335892,0.855,198.018,21.0004,35.0185,80.0062,24.9117,140.092,0.0917594,-0.184221,1.25,46.348,22.4616,31.1903,31.8826,2.03416,0.780583,2.03488,649.764,75.5766,0.00188407,0.157492,0.158874,0.000755978,0.80977
S_series,S_PSPI0_7.5,2026-09-19 15:23:57,3500,4375,28.4321,95.3464,29.9211,10.3113,10.3357,10.1067,10.4962,10.4955,16.8421,11.7462,718.96,0.0360133,0.169113,0.133672,0.155483,0.140802,0.176214,0.22555,0.0835254,0.0747728,0.0744453,0.104257,0.299996,0.334492,0.855,198.011,21.0002,35.0185,82.5173,24.9116,140.094,0.0937902,-0.184106,1.24998,46.4835,22.3542,31.1687,31.8826,2.03263,0.779972,2.03335,649.751,75.5278,0.00188673,0.15739,0.158777,0.000755475,0.809883
S_series,S_PVI_20,2026-09-19 15:23:57,3000,3750,28.4321,95.3464,29.9211,10.3242,10.3495,10.1191,10.5099,10.5092,16.8421,11.7599,718.96,0.0359133,0.169467,0.133564,0.155674,0.140718,0.176613,0.226187,0.0838121,0.075459,0.073813,0.104752,0.3,0.335885,0.855,197.995,21.0006,35.0186,80.0623,24.9119,140.092,0.0919706,-0.185021,1.25,46.3473,22.4657,31.1868,31.8826,2.3502,0.910711,2.35093,645.461,85.3762,0.00180901,0.177352,0.178694,0.000849701,0.7789
S_series,S_PVI_30,2026-09-19 15:23:58,3500,4375,28.4321,95.3464,29.9211,10.3241,10.3478,10.1187,10.5085,10.5077,16.8421,11.7585,718.96,0.0359138,0.169721,0.133843,0.155668,0.140965,0.176825,0.225479,0.0835797,0.0753857,0.07452,0.104737,0.3,0.33579,0.855,198.04,21.0002,35.0184,80.0925,24.9115,140.092,0.0917575,-0.183621,1.25,46.3588,22.4503,31.1912,31.8826,1.794,0.685033,1.79463,652.826,67.6769,0.00194352,0.141301,0.142782,0.000679589,0.833035
S_series,S_RBBB_0.25,2026-09-19 15:23:59,3000,3750,28.4321,95.3464,29.9217,10.0576,10.0909,9.86993,10.2646,10.264,16.8424,11.5146,718.953,0.00950006,0.155132,0.145523,0.151841,0.152363,0.161987,0.238202,0.0846393,0.0632006,0.061798,0.0947859,0.3,0.309833,0.847875,197.88,20.9998,35.0207,79.9012,24.919,140.132,0.132077,-0.206372,1.25,49.0073,20.3983,30.5926,31.8826,1.99674,0.765698,1.99746,649.456,74.368,0.00192632,0.154978,0.156367,0.000744107,0.812527
S_series,S_RBBB_4,2026-09-19 15:23:59,3000,3750,28.4321,95.3464,29.9192,11.1569,11.1534,10.897,11.2735,11.2724,16.8413,12.5235,718.98,0.117571,0.214782,0.0973148,0.16764,0.105344,0.222736,0.187384,0.0807685,0.11362,0.112611,0.135864,0.299995,0.417118,0.862125,198.432,21.0024,35.0117,80.6033,24.8889,139.966,-0.0338721,-0.115518,1.24998,40.1901,27.2393,32.5721,31.8826,2.14701,0.825851,2.14774,650.745,79.1628,0.00176261,0.16495,0.16635,0.000791387,0.801469
S_series,S_RECS_0.5,2026-09-19 15:24:00,3000,3750,28.4321,95.3464,29.9211,10.2982,10.3284,10.134,10.4965,10.4957,16.8421,11.7465,718.96,0.0361161,0.177488,0.141409,0.155903,0.147438,0.183517,0.226384,0.0777341,0.074786,0.0736156,0.105348,0.3,0.336036,0.847875,198.001,21.0017,35.0198,80.0684,24.9161,140.093,0.0931332,-0.197525,1.25,46.3947,22.2553,31.3501,31.8826,2.02495,0.776827,2.02567,649.563,75.2466,0.00188486,0.156767,0.158151,0.000752467,0.807739
S_series,S_RECS_2,2026-09-19 15:24:00,3000,3750,28.4321,95.3464,29.9211,10.3692,10.3833,10.0919,10.5307,10.53,16.8421,11.7807,718.959,0.0355616,0.155778,0.120261,0.155255,0.129318,0.164817,0.224652,0.0941024,0.0764996,0.0753481,0.103664,0.3,0.335418,0.855,198.047,20.9981,35.0162,80.0929,24.9039,140.09,0.0896642,-0.160818,1.25,46.2872,22.8073,30.906,31.8826,2.0497,0.786927,2.05043,650.103,76.1335,0.00188463,0.158715,0.160098,0.000761974,0.813181
S_series,S_RFM_0.002,2026-09-19 15:24:01,3000,3750,28.4321,95.3464,29.9211,10.3238,10.348,10.1185,10.5086,10.5084,16.8421,11.7586,718.96,0.0359163,0.169628,0.133749,0.155665,0.140886,0.176744,0.220076,0.0836492,0.075421,0.0799206,0.104729,0.299997,0.335813,0.855,198.018,21.0004,35.0185,80.0775,24.9116,140.092,0.0918655,-0.184644,1.24999,46.3546,22.4592,31.1866,31.8826,1.98921,0.31297,1.98927,651.853,82.9948,0.00175851,0.172687,0.173941,0.00081494,0.82314
S_series,S_RFM_0.05,2026-09-19 15:24:02,3000,3750,28.4321,95.3464,29.9211,10.3248,10.3503,10.1197,10.5107,10.507,16.8421,11.7607,718.96,0.0359084,0.169459,0.133586,0.155683,0.140746,0.17661,0.224878,0.0838503,0.0753485,0.0751214,0.104777,0.3,0.335808,0.847875,198.015,21.0007,35.0186,80.0766,24.912,140.092,0.0918391,-0.18219,1.25,46.3608,22.438,31.2014,31.8826,2.25817,1.93655,2.25909,647.49,38.1103,0.00208512,0.0790761,0.080322,0.000388125,0.776513
S_series,S_SWAP_AGMAX,2026-09-19 15:24:02,3500,4375,28.4321,95.3464,29.9208,8.70456,8.76081,8.43193,8.9732,8.97324,16.842,10.2232,718.963,0.048564,0.225316,0.176096,0.337261,0.186306,0.235517,0.303478,0.116075,-0.00133822,-0.00347391,0.014331,0.300004,0.350276,0.84075,197.16,20.9904,35.0269,78.8944,24.9396,140.348,0.347601,-0.268673,1.25002,96.2844,-0.382046,4.09136,31.8826,1.79854,0.687197,1.79916,647.955,67.8047,0.00199252,0.141363,0.142805,0.000679983,0.827403
S_series,S_VALVE_HIGH,2026-09-19 15:24:03,3000,3750,28.4321,95.3464,29.921,10.274,10.4051,10.091,10.5473,10.5466,16.8421,11.7973,718.96,0.036305,0.151271,0.115004,0.155241,0.124759,0.161015,0.223828,0.0978535,0.0773285,0.0761717,0.103627,0.299999,0.336196,1.14,197.927,21.0298,35.0273,80.1047,24.9411,140.098,0.0981451,-0.272568,1.25,46.1758,23.001,30.8235,31.8826,2.02731,0.778168,2.02803,649.705,75.2972,0.00109455,0.156909,0.158291,0.000753196,0.810272
S_series,S_VALVE_OFF,2026-09-19 15:24:04,3000,3750,28.4321,95.3464,29.9211,10.3019,10.3734,10.1065,10.5259,10.5251,16.8421,11.7759,718.96,0.0360872,0.161509,0.125454,0.15548,0.13375,0.169789,0.224904,0.0899372,0.0762563,0.0750955,0.104247,0.3,0.335982,0.57,197.977,21.0134,35.0224,80.0894,24.9247,140.095,0.0946438,-0.223232,1.25,46.2762,22.6966,31.0275,31.8826,2.03108,0.779508,2.0318,649.738,75.4534,0.00241455,0.157231,0.158617,0.000754733,0.809998
S_series,S_WAVE_AMP080,2026-09-19 15:24:04,3000,3750,28.4237,95.3473,29.9213,10.3177,10.3556,10.1152,10.5138,10.5131,16.8422,11.7638,718.967,0.0359658,0.167286,0.131344,0.155614,0.138819,0.17474,0.22502,0.0854721,0.0756531,0.0749793,0.104598,0.3,0.335864,0.847875,198.006,21.0028,35.0196,80.0809,24.9154,140.097,0.0967837,-0.195398,1.25,46.3326,22.5249,31.1428,25.5975,1.62864,0.62497,1.62921,518.248,60.4405,0.00155399,0.126098,0.127197,0.000605151,0.648153
S_series,S_WAVE_AMP120,2026-09-19 15:24:05,3000,3750,28.4669,95.5753,29.9795,10.3338,10.3466,10.1259,10.5089,10.5081,16.8665,11.7589,720.833,0.0362945,0.171828,0.135594,0.155778,0.14234,0.178673,0.225251,0.0821288,0.0754054,0.0747482,0.105023,0.3,0.336206,0.862125,198.021,20.9969,35.0175,80.0772,24.9083,140.096,0.0964824,-0.174296,1.25,46.3342,22.4283,31.2378,35.1878,2.33103,0.882008,2.33172,791.803,89.0443,0.00215911,0.18222,0.183942,0.000889687,0.929226
S_series,S_WAVE_CENTRAL,2026-09-19 15:24:05,3000,3750,28.4321,95.3464,29.9211,10.324,10.3483,10.1187,10.5089,10.5082,16.8421,11.7589,718.96,0.0359149,0.169607,0.133725,0.155668,0.14086,0.176728,0.225755,0.0836765,0.0754083,0.0742445,0.104737,0.3,0.335812,0.855,198.017,21.0004,35.0185,80.0773,24.9117,140.092,0.0918745,-0.184214,1.25,46.3557,22.4555,31.1891,31.8826,2.03407,0.780549,2.03479,649.763,75.5738,0.00188422,0.157486,0.158869,0.000755949,0.809777
S_series,S_WAVE_RADIAL,2026-09-19 15:24:06,3000,3750,28.526,96.0512,30.101,10.3428,10.3551,10.1343,10.5171,10.5163,16.9171,11.7671,724.727,0.0371729,0.172333,0.135205,0.155908,0.142063,0.179181,0.226047,0.0820864,0.0758167,0.0739528,0.10536,0.299999,0.337085,0.86925,198.01,20.9939,35.0174,80.0831,24.9081,140.114,0.113872,-0.173494,1.25,46.2518,22.4919,31.2563,39.5881,2.36807,1.07383,2.36861,899.294,107.225,0.00228997,0.186037,0.188087,0.00089475,0.943984
S_series,S_bEA_0.02,2026-09-19 15:24:07,3000,3750,20.2711,95.3464,29.9211,10.3561,10.3405,10.1419,10.508,10.5073,16.8421,11.758,718.959,0.0356639,0.177007,0.140833,0.156024,0.146976,0.183166,0.225955,0.078522,0.0753638,0.0740498,0.105663,0.300005,0.337072,0.84075,197.208,20.5617,35.0152,80.0769,24.9007,141.371,1.3712,-0.151197,1.25002,46.2882,22.3584,31.3474,31.8826,0.616879,0.245671,0.617058,739.808,24.7395,0.00295766,0.0475376,0.0496819,0.000232065,0.246363
S_series,S_bEA_0,2026-09-19 15:24:07,3000,3750,30.003,95.3464,29.9211,10.3373,10.33,10.1255,10.496,10.4952,16.8421,11.746,718.959,0.0358107,0.174997,0.139291,0.155773,0.145631,0.181338,0.227062,0.0794444,0.074762,0.072937,0.105009,0.299999,0.335541,0.876375,198.138,21.0409,35.0159,80.068,24.9029,139.943,-0.0574533,-0.157947,1.25,46.4243,22.281,31.2955,31.8826,2.51021,0.960854,2.5111,859.642,94.0032,0.00270421,0.19425,0.196358,0.000934459,0.997963
S_series,S_bEA_0_H_G2A,2026-09-19 15:24:08,3000,3750,30.003,115.386,35.0366,10.7526,10.669,10.5024,10.8276,10.8268,18.9736,12.0776,882.957,0.0725316,0.206725,0.133877,0.16157,0.139179,0.21189,0.214185,0.069763,0.0913389,0.0858154,0.120083,0.300001,0.373002,0.904875,197.509,20.8015,35.0075,80.3005,24.875,140.964,0.964234,-0.0741941,1.25,43.3162,24.4875,32.1936,54.0485,4.08868,1.67636,4.08973,1537.65,166.137,0.00423733,0.311996,0.315889,0.00150313,1.567
VenE_series,Ven_E0.25,2026-09-19 15:24:08,3000,3750,28.4321,95.3464,29.9211,10.3239,10.3481,10.1186,10.5083,10.5076,16.8421,11.7569,718.96,0.0359153,0.169692,0.133445,0.155666,0.140583,0.17681,0.225394,0.0835854,0.075379,0.0742577,0.10473,0.299652,0.335774,0.855,196.585,21.0003,35.0184,80.0769,26.344,140.092,0.0918903,-0.183686,1.24855,46.3603,22.4494,31.1908,31.8826,2.03406,0.780541,2.03424,649.763,75.5735,0.00188238,0.157486,0.158868,0.000754195,0.809778
VenE_series,Ven_E0.5,2026-09-19 15:24:09,3000,3750,28.4321,95.3464,29.9211,10.3239,10.3483,10.1187,10.5088,10.5081,16.8421,11.7588,718.96,0.0359154,0.169604,0.133724,0.155667,0.140859,0.176726,0.225753,0.0836754,0.0754048,0.0742456,0.104734,0.299999,0.335805,0.855,197.539,21.0004,35.0185,80.0773,25.39,140.092,0.091885,-0.184212,1.24999,46.3564,22.4549,31.189,31.8826,2.03406,0.780544,2.03442,649.763,75.5734,0.00188423,0.157485,0.158868,0.000755915,0.809777
VenR_series,Ven_R2,2026-09-19 15:24:10,4000,5000,28.4321,95.3464,29.9211,10.3247,10.349,10.1194,10.5096,10.5089,16.8421,13.0796,718.96,0.0359094,0.169635,0.133729,0.155678,0.140864,0.176757,0.225766,0.0836844,0.0754436,0.0742339,0.104763,0.3,0.335886,0.855,197.578,21.0004,35.0185,80.0778,25.3517,140.092,0.0917677,-0.184218,2.57,46.3486,22.4611,31.1902,31.8826,2.03384,0.780479,2.03419,649.771,75.6386,0.00188459,0.157589,0.158942,0.0003679,0.809829
VenR_series,Ven_R7.5,2026-09-19 15:24:11,10500,13125,28.4321,95.3464,29.9211,10.3249,10.3492,10.1196,10.5098,10.5091,16.8421,19.8398,718.96,0.0359078,0.169643,0.13373,0.155681,0.140865,0.176766,0.225769,0.0836866,0.0754539,0.074231,0.104771,0.3,0.335907,0.855,195.324,21.0004,35.0185,80.078,27.605,140.092,0.0917361,-0.184218,9.33,46.3465,22.4627,31.1906,31.8826,2.03364,0.78042,2.03374,649.776,75.6824,0.0018849,0.157658,0.158991,0.000101381,0.809868
