code,P_ECS,P_VEN,P_SAS,P_SPI,V_VEN,V_SPI,V_ECS,V_All,V_A,V_C,V_V,V_Vessel,V_SAS,V_PAS,V_brain,Q_VEN,Q_SPI,Q_SAS,Q_SLS,Q_SSS,Q_OLS,Q_out,Q_GS,Q_ECS,Q_BBB,Q_A,P_A,SW_P_ECS,SW_P_SAS,SW_P_VEN,SW_V_VEN,SW_V_SPI,SW_V_Vessel,SW_V_A,SW_V_C,SW_V_V,SW_Q_VEN,SW_Q_SPI,SW_Q_A,SW_P_A
S_WAVE_RADIAL,0.1830,0.0694,0.0777,0.0777,-0.0143,0.0072,-0.0038,NaN,0.0209,0.0430,0.0053,0.0157,-0.0031,-0.0312,NaN,-0.0001,-0.3928,0.1291,0.5416,0.5952,0.1540,0.3789,1.1069,1.6073,3.5028,0.8022,0.7392,16.4202,37.5738,16.4055,18.3611,18.3915,16.5734,21.8972,39.5055,43.5336,18.1151,41.8812,38.4033,24.1683
S_WAVE_CENTRAL,0.0000,0.0000,0.0000,0.0000,0.0000,0.0000,0.0000,NaN,0.0000,0.0000,0.0000,0.0000,0.0000,0.0000,NaN,0.0000,0.0000,0.0000,0.0000,0.0000,0.0000,0.0000,0.0000,0.0000,0.0000,0.0000,0.0000,0.0000,0.0000,0.0000,0.0000,0.0000,0.0000,0.0000,0.0000,0.0000,0.0000,0.0000,0.0000,0.0000
S_WAVE_AMP120,0.0955,-0.0005,-0.0005,-0.0006,-0.0133,-0.0001,0.0019,NaN,0.0019,0.0130,0.0015,0.0033,-0.0028,-0.0169,NaN,0.0000,0.6785,-0.2231,-0.0039,0.2738,0.0708,0.1173,1.3973,1.3096,1.0570,0.2606,0.2401,14.5995,12.9985,14.5927,17.6914,15.7823,14.7508,8.6125,15.6987,15.7994,15.7023,17.8243,21.8602,10.3668
S_WAVE_AMP080,-0.0609,0.0417,0.0467,0.0466,0.0150,0.0044,-0.0059,NaN,0.0096,0.0017,0.0003,0.0035,0.0032,0.0112,NaN,0.0000,0.9897,-0.3255,0.3246,-0.1328,-0.0344,0.0155,-1.7810,-1.3681,0.1417,0.0010,0.0009,-19.9322,-19.9319,-19.9322,-19.9482,-19.9360,-19.9590,-19.7864,-20.0974,-19.9278,-19.9303,-20.0245,-20.2404,-19.7133
S_PVI_20,0.0020,0.0086,0.0096,0.0096,0.0011,-0.0188,-0.0114,NaN,0.0003,-0.0001,-0.0000,0.0001,0.0002,0.0011,NaN,0.0000,-0.5812,0.1912,0.0672,0.0144,0.0037,0.0217,-0.1208,-0.0822,-0.0045,-0.0000,0.0000,15.5419,16.6758,15.5366,12.4019,12.4786,-3.8130,-1.5476,-3.0247,-5.6019,12.6149,12.9706,-0.6621,0.0000
S_PVI_30,0.0014,-0.0038,-0.0043,-0.0043,-0.0008,0.0190,0.0114,NaN,-0.0002,-0.0000,-0.0000,-0.0001,-0.0002,-0.0008,NaN,-0.0000,0.3711,-0.1221,-0.0300,0.0001,0.0000,-0.0067,0.0884,0.0676,-0.0031,-0.0000,0.0000,-11.8027,-12.2370,-11.8030,-10.1013,-10.1259,2.8722,1.1601,2.2564,4.4816,-10.2788,-10.4492,0.4713,0.0000
S_HR_60,-0.0014,0.0036,0.0040,0.0040,0.0008,0.0003,-0.0009,NaN,0.0009,0.0009,0.0001,0.0005,0.0002,0.0003,NaN,0.0000,0.4936,-0.1623,0.0277,-0.0003,-0.0001,0.0060,-0.1065,-0.0651,0.0702,0.0138,0.0127,6.3204,-9.2737,6.3109,35.5625,9.8305,7.4655,-0.9867,-1.3972,-3.9753,9.6618,-10.6428,-15.8048,-0.0688
S_HR_90,0.0031,0.0017,0.0019,0.0019,-0.0002,0.0002,0.0003,NaN,0.0007,0.0008,0.0001,0.0004,-0.0000,-0.0007,NaN,-0.0000,-0.1519,0.0499,0.0134,0.0108,0.0028,0.0077,0.0057,0.0210,0.0618,0.0141,0.0130,-6.6258,6.5086,-6.6267,-23.6626,-9.4814,-7.4905,0.4577,0.7613,1.4957,-9.4327,6.3832,14.5602,-0.1777
S_RFM_0.002,-0.0017,-0.0029,-0.0031,0.0024,-0.0002,0.0002,0.0001,NaN,-0.0001,0.0000,0.0000,-0.0000,-0.0000,-0.0002,NaN,-0.0009,7.6452,-2.5155,0.0168,-0.0077,-0.0020,0.0003,0.0179,0.0124,0.0038,0.0000,0.0000,-2.2055,-59.9038,-2.2371,7.8036,9.4873,1.6502,0.3904,1.1545,-1.1211,9.6496,9.8195,0.3217,0.0000
S_RFM_0.05,0.0080,0.0155,0.0173,-0.0114,0.0013,-0.0009,-0.0011,NaN,0.0002,-0.0002,-0.0001,-0.0000,0.0003,0.0014,NaN,0.0001,1.1812,-0.3884,-0.0793,0.0384,0.0099,-0.0012,-0.1044,-0.0869,-0.0180,-0.0000,0.0000,11.0174,148.1012,11.0231,-48.6573,-49.4413,-4.1078,-1.0674,-1.7944,-8.5264,-49.7829,-49.5721,-0.3498,0.0000
S_PSPI0_7.5,-0.1221,-0.1082,-0.1209,-0.1210,-0.0002,3.0470,-0.0029,NaN,0.0010,0.0034,0.0011,0.0014,-0.0000,-0.0008,NaN,-0.0013,0.2705,-0.0906,-0.8428,-0.4584,-0.1186,-0.3933,-0.0397,-0.2913,0.2742,0.0000,0.0000,-0.0709,-0.0738,-0.0709,-0.0627,-0.0578,0.0131,0.0001,0.0101,0.0211,-0.0606,-0.0608,-0.0018,0.0000
S_PSPI0_10.5,0.0073,0.0065,0.0073,0.0073,0.0000,-0.0888,0.0002,NaN,-0.0001,-0.0002,-0.0001,-0.0001,0.0000,0.0000,NaN,0.0001,-0.0162,0.0054,0.0506,0.0275,0.0071,0.0236,0.0024,0.0175,-0.0165,-0.0000,0.0000,0.0043,0.0044,0.0043,0.0038,0.0035,-0.0008,-0.0000,-0.0006,-0.0013,0.0036,0.0037,0.0001,0.0000
S_RBBB_0.25,-2.5796,-2.0774,-2.3245,-2.3235,0.0295,-0.2199,-0.0693,NaN,0.0208,0.0712,0.0221,0.0287,0.0063,-0.0030,NaN,0.0002,-16.7642,5.5135,-16.1888,-9.5008,-2.4586,-7.7364,8.8225,-8.5341,-73.5484,-0.0009,0.0000,-1.8351,-1.9027,-1.8346,-1.5666,-1.5745,0.3397,0.0037,0.2686,0.5564,-1.5915,-1.5955,-0.0473,0.0000
S_RBBB_4,8.0679,6.5023,7.2759,7.2727,-0.0914,0.6568,0.2095,NaN,-0.0649,-0.2228,-0.0693,-0.0898,-0.0195,0.0093,NaN,-0.0015,51.6761,-16.9968,50.6729,29.7197,7.6908,24.2117,-27.2277,26.6352,227.3608,0.0029,0.0000,5.5522,5.8040,5.5507,4.6879,4.7092,-1.0259,0.0037,-0.8165,-1.6702,4.7374,4.7490,0.1511,0.0000
S_bEA_0,0.1292,-0.1101,-0.1231,-0.1230,-0.0352,-0.0116,0.0610,NaN,-0.3283,-0.0036,-0.0006,-0.1066,-0.0075,0.1928,NaN,-0.0002,-1.7610,0.5789,-0.8571,0.2601,0.0673,-0.0807,4.1622,3.1784,-0.2902,-0.0000,0.0000,23.4081,23.0999,23.4084,23.6141,23.5978,23.2393,46.5236,22.1271,28.2797,23.3448,24.3859,32.3008,0.0000
S_bEA_0.02,0.3112,-0.0074,-0.0085,-0.0085,-0.0442,-0.0006,-0.4088,NaN,2.8419,-0.0086,-0.0021,0.9132,-0.0094,-2.0892,NaN,0.0017,-0.2622,0.0884,-0.0591,0.8846,0.2289,0.3750,5.3149,4.3630,-0.6988,-0.0000,0.0000,-69.6727,-68.5258,-69.6746,-69.3015,-68.7277,-69.5764,58.2379,39.9090,82.7171,-69.8174,-67.2644,13.8582,0.0000
S_bEA_0+H_G2A,4.1518,2.7106,3.0329,3.0320,-0.1471,0.2787,-0.2565,NaN,1.1210,1.2511,0.1554,0.6227,-0.0314,-0.9472,NaN,0.0003,15.5849,-5.1250,21.1257,14.6522,3.7917,11.0746,0.1135,21.8851,101.9543,22.8104,21.0174,101.0097,114.7663,100.9899,98.8397,98.8364,93.5104,150.1250,121.5972,129.1136,98.0962,119.8347,136.6480,69.5234
S_SWAP_AGMAX,-15.6858,-13.0598,-14.6134,-14.6070,0.1120,-1.4773,-0.4328,NaN,0.1262,0.4322,0.1499,0.1825,0.0239,-0.0478,NaN,0.0016,-104.6790,34.4281,-101.7746,-86.3171,116.6539,4.3069,31.6846,32.8461,35.2198,0.0004,0.0000,-11.5795,-11.9598,-11.5802,-10.0491,-10.1111,2.1767,0.0629,1.6685,3.6339,-10.2399,-10.2801,-0.2783,0.0000
S_VALVE_OFF,-0.2137,0.1443,0.1615,0.1614,0.0522,0.0151,-0.0201,NaN,0.0017,0.0059,0.0011,0.0020,0.0111,0.0617,NaN,0.0000,1.1463,-0.3770,1.1245,-0.4678,-0.1211,0.0505,-6.1851,-4.7741,0.4798,0.0000,0.0000,-0.1469,-0.1333,-0.1469,-0.1609,-0.1585,0.0273,0.0000,0.0216,0.0400,-0.1615,-0.1593,-0.0039,0.0000
S_RECS_0.5,-0.2495,-0.1059,-0.1185,-0.1184,0.0178,-0.0111,-0.0084,NaN,0.0020,0.0069,-0.0014,0.0009,0.0038,0.0063,NaN,-0.0000,-0.8470,0.2785,-0.8253,0.5835,0.1510,0.0668,5.7458,4.6470,0.5602,0.0000,0.0000,-0.4483,-0.4768,-0.4485,-0.4606,-0.4520,-0.2516,0.0174,0.1892,-1.9041,-0.4566,-0.4329,-0.0308,0.0000
S_RECS_2,0.4380,0.1857,0.2078,0.2077,-0.0313,0.0194,0.0148,NaN,-0.0035,-0.0121,0.0024,-0.0016,-0.0067,-0.0111,NaN,0.0001,1.4865,-0.4888,1.4472,-1.0242,-0.2650,-0.1175,-10.0686,-8.1536,-0.9835,-0.0000,0.0000,0.7684,0.8172,0.7687,0.7970,0.7735,0.4203,-0.0292,-0.3216,3.2181,0.7813,0.7406,0.0523,0.0000
S_VALVE_HIGH,-0.4838,0.3268,0.3656,0.3655,0.1182,0.0341,-0.0456,NaN,0.0039,0.0133,0.0025,0.0045,0.0252,0.1398,NaN,-0.0000,2.5957,-0.8537,2.5464,-1.0593,-0.2741,0.1143,-13.9998,-10.8106,1.0864,0.0000,0.0000,-0.3324,-0.3050,-0.3324,-0.3642,-0.3637,0.0612,-0.0000,0.0492,0.0838,-0.3663,-0.3660,-0.0089,0.0000
